Submethod,PSNR,SSIM,LPIPS,Size [Bytes],#Gaussians
,29.718,0.90405,0.238,434377500,1836598.5
,29.734499999999997,0.9054,0.2375,347499500,1469268.0
,29.750500000000002,0.9054500000000001,0.2395,260563500,1101690.5
,29.744500000000002,0.9055,0.2405,217108999,917960.0
,29.7365,0.90495,0.243,173747000,734618.0
prune70,29.6805,0.905,0.2465,130244500,550685.0
prune80,29.6875,0.90505,0.2535,86876000,367317.0
prune90,29.5195,0.9013,0.2705,43437500,183654.5
