Submethod,PSNR,SSIM,LPIPS,Size [Bytes],#Gaussians
prune0,29.7815,0.9050499999999999,0.246,323915000,1369549.0
,29.817,0.9061999999999999,0.246,259186000,1095866.5
,29.825000000000003,0.9061999999999999,0.247,194371500,821822.5
,29.817,0.90605,0.2475,161893500,684500.0
,29.814500000000002,0.9058999999999999,0.249,129544500,547724.5
prune70,29.788,0.9054500000000001,0.2525,97248000,411170.5
prune80,29.759500000000003,0.90395,0.2605,64728000,273672.5
prune90,29.575499999999998,0.8986,0.279,32424499,137090.0
