Submethod,PSNR,SSIM,LPIPS,Size [Bytes],#Gaussians
prune80,29.943256378173828,0.9063457250595093,0.2544648945331573,68569613,289915.0
prune85,29.8806734085083,0.9049139618873596,0.2612258940935135,51427634,217436.5
prune85sfm,29.842077255249023,0.9040789008140564,0.2530083209276199,95704428,404644.5
prune90,29.76747417449951,0.9022096991539001,0.272118017077446,34285655,144958.0
