Submethod,PSNR,SSIM,LPIPS,Size [Bytes],#Gaussians
prune80,27.83307351006402,0.808915462758806,0.24623390121592414,86012868,363667.3333333333
prune85,27.618068483140732,0.7970001565085517,0.26536750462320113,64510082,272750.77777777775
prune90,27.26138432820638,0.7752837472491794,0.2964595158894856,43007216,181833.88888888888
