Submethod,PSNR,SSIM,LPIPS,Size [Bytes],#Gaussians
prune0,28.198666666666668,0.8310222222222222,0.1957777777777777,430058111,1818335.0
prune20,28.188777777777776,0.8313111111111112,0.19666666666666666,3440170,1454542.1
prune40,28.173,0.8305777777777776,0.19944444444444442,257983777,1090783.1
prune50,28.15255555555556,0.8294111111111111,0.20322222222222225,215032444,909178.5
prune60,28.104555555555557,0.827,0.20933333333333332,172024111,727333.7777777778
prune70,28.01366666666667,0.8217333333333333,0.22155555555555556,129099222,545841.8888888889
prune80,27.832444444444448,0.8088888888888889,0.24622222222222223,86021666,363704.1111111111
prune90,27.258555555555557,0.7752555555555556,0.2967777777777778,42985444,181741.55555555556
