Submethod,PSNR,SSIM,LPIPS,Size [Bytes],#Gaussians
prune80,33.73655128479004,0.9704604670405388,0.029740182391833462,20.89965057373047,88360.25
prune85,33.60067319869995,0.9697617739439011,0.031158711877651464,15.675176620483398,66270.5
prune85random,33.01087164878845,0.9673129320144653,0.03581859107362101,9549949,40372.25
prune90,33.30192947387695,0.9680935591459274,0.034331197617575485,10.450613975524902,44180.375
