Submethod,PSNR,SSIM,LPIPS,Size [Bytes],#Gaussians
prune0,24.633,0.87395,0.133,404583499.9,1710625.0
prune20,24.657,0.87445,0.134,323866000.0,1369341.0
prune40,24.648,0.87405,0.135,242778500.0,1026493.0
prune50,24.645,0.8734999999999999,0.1365,202212000.0,854972.5
prune60,24.630499999999998,0.87245,0.14,161811500.0,684154.0
prune70,24.5975,0.87005,0.146,121289999.9,512825.0
prune80,24.503999999999998,0.86355,0.162,80829000.0,341750.5
prune90,24.189500000000002,0.8423,0.209,40.454,171038.5
