Submethod,PSNR,SSIM,LPIPS,Size [Bytes],#Gaussians
prune0,24.7135,0.874,0.1345,403977499,1708063.0
,24.7335,0.87455,0.1355,323323000,1367045.0
,24.7275,0.87405,0.1365,242308499,1024505.0
,24.704,0.87355,0.1375,201997500,854065.0
,24.691,0.8724000000000001,0.14100000000000001,161619500,683342.5
prune70,24.646,0.8700000000000001,0.147,121124000,512122.5
prune80,24.5655,0.8633,0.164,80693500,341177.0
prune90,24.243499999999997,0.8422499999999999,0.209,40358000,170633.0
