Submethod,PSNR,SSIM,LPIPS,Size [Bytes],#Gaussians
prune80,24.551908493041992,0.8632332682609558,0.1639643833041191,80796771,341613.0
prune85,24.440983772277832,0.8563691079616547,0.17929834872484202,60598002,256210.0
prune85sfm,24.36902618408203,0.8454591035842896,0.1947246044874191,52891047,223624.0
prune90,24.238043785095215,0.842233270406723,0.2092867568135261,40399115,170806.5
